model,dataset,platform,num_real,num_fake,AUC,bACC,F1,bACC_050,TPR_050,TNR_050,F1_050,bACC_030,TPR_030,TNR_030,F1_030,bACC_020,TPR_020,TNR_020,bACC_adapt,TPR_adapt,TNR_adapt,bACC_dual,TPR_dual,TNR_dual,F1_dual
Baseline (Pretrained),CocoGlide,original,50,50,0.7692,0.65,0.5679012345679012,0.65,0.46,0.84,0.5679012345679012,0.72,0.64,0.8,0.6956521739130435,0.6799999999999999,0.76,0.6,0.6799999999999999,0.76,0.6,0.68,0.8,0.56,0.7142857142857143
Baseline (Pretrained),CocoGlide,whatsapp,50,50,0.7744,0.64,0.5,0.64,0.36,0.92,0.5,0.73,0.64,0.82,0.7032967032967034,0.69,0.74,0.64,0.73,0.64,0.82,0.72,0.64,0.8,0.6956521739130435
Baseline (Pretrained),CocoGlide,instagram,50,50,0.7364,0.6799999999999999,0.6097560975609756,0.6799999999999999,0.5,0.86,0.6097560975609756,0.6599999999999999,0.7,0.62,0.6730769230769231,0.6,0.82,0.38,0.6599999999999999,0.7,0.62,0.62,0.7,0.54,0.6481481481481481
Baseline (Pretrained),CocoGlide,facebook,50,50,0.7207999999999999,0.64,0.5609756097560976,0.64,0.46,0.82,0.5609756097560976,0.66,0.68,0.64,0.6666666666666666,0.59,0.82,0.36,0.66,0.68,0.64,0.6699999999999999,0.7,0.64,0.6796116504854369
Baseline (Pretrained),CocoGlide,telegram,50,50,0.7552,0.67,0.5714285714285714,0.67,0.44,0.9,0.5714285714285714,0.7,0.66,0.74,0.6875,0.6799999999999999,0.78,0.58,0.7,0.66,0.74,0.7,0.68,0.72,0.6938775510204082
Baseline (Pretrained),Columbia,original,50,50,0.9928,0.97,0.9690721649484536,0.97,0.94,1.0,0.9690721649484536,0.98,0.98,0.98,0.98,0.95,0.98,0.92,0.95,0.98,0.92,0.8999999999999999,0.98,0.82,0.9074074074074074
Baseline (Pretrained),Columbia,whatsapp,50,50,0.9896,0.96,0.9591836734693877,0.96,0.94,0.98,0.9591836734693877,0.97,0.96,0.98,0.9696969696969697,0.94,0.96,0.92,0.97,0.96,0.98,0.8999999999999999,0.96,0.84,0.9056603773584906
Baseline (Pretrained),Columbia,instagram,50,50,0.9896,0.96,0.9583333333333334,0.96,0.92,1.0,0.9583333333333334,0.94,0.92,0.96,0.9387755102040817,0.9299999999999999,0.96,0.9,0.94,0.92,0.96,0.88,1.0,0.76,0.8928571428571429
Baseline (Pretrained),Columbia,facebook,50,50,0.9967999999999999,0.95,0.9484536082474226,0.95,0.92,0.98,0.9484536082474226,0.95,0.92,0.98,0.9484536082474226,0.96,1.0,0.92,0.95,0.92,0.98,0.88,1.0,0.76,0.8928571428571429
Baseline (Pretrained),Columbia,telegram,50,50,0.9907999999999999,0.94,0.9361702127659575,0.94,0.88,1.0,0.9361702127659575,0.97,0.96,0.98,0.9696969696969697,0.95,0.98,0.92,0.97,0.96,0.98,0.9099999999999999,0.96,0.86,0.9142857142857143
Baseline (Pretrained),CASIA1.0,original,50,50,0.7964,0.66,0.48484848484848486,0.66,0.32,1.0,0.48484848484848486,0.71,0.5,0.92,0.6329113924050633,0.73,0.8,0.66,0.73,0.8,0.66,0.6799999999999999,0.82,0.54,0.7192982456140351
Baseline (Pretrained),CASIA1.0,whatsapp,50,50,0.7739999999999999,0.66,0.48484848484848486,0.66,0.32,1.0,0.48484848484848486,0.71,0.48,0.94,0.6233766233766234,0.6699999999999999,0.72,0.62,0.71,0.48,0.94,0.6399999999999999,0.58,0.7,0.6170212765957447
Baseline (Pretrained),CASIA1.0,instagram,50,50,0.5776,0.62,0.4722222222222222,0.62,0.34,0.9,0.4722222222222222,0.52,0.52,0.52,0.52,0.54,0.82,0.26,0.52,0.52,0.52,0.48,0.54,0.42,0.5094339622641509
Baseline (Pretrained),CASIA1.0,facebook,50,50,0.6920000000000001,0.6599999999999999,0.5277777777777778,0.6599999999999999,0.38,0.94,0.5277777777777778,0.62,0.52,0.72,0.5777777777777777,0.61,0.78,0.44,0.62,0.52,0.72,0.58,0.58,0.58,0.58
Baseline (Pretrained),CASIA1.0,telegram,50,50,0.7348,0.66,0.48484848484848486,0.66,0.32,1.0,0.48484848484848486,0.6799999999999999,0.48,0.88,0.6,0.6599999999999999,0.7,0.62,0.6799999999999999,0.48,0.88,0.64,0.56,0.72,0.6086956521739131
Approach 2 (No Aug),CocoGlide,original,50,50,0.7856,0.65,0.4927536231884058,0.65,0.34,0.96,0.4927536231884058,0.66,0.4,0.92,0.5405405405405406,0.6699999999999999,0.5,0.84,0.6699999999999999,0.5,0.84,0.6599999999999999,0.7,0.62,0.6730769230769231
Approach 2 (No Aug),CocoGlide,whatsapp,50,50,0.8028,0.6,0.3548387096774194,0.6,0.22,0.98,0.3548387096774194,0.63,0.3,0.96,0.44776119402985076,0.65,0.4,0.9,0.63,0.3,0.96,0.7,0.64,0.76,0.6808510638297872
Approach 2 (No Aug),CocoGlide,instagram,50,50,0.7436,0.61,0.38095238095238093,0.61,0.24,0.98,0.38095238095238093,0.7,0.46,0.94,0.6052631578947368,0.7,0.54,0.86,0.7,0.46,0.94,0.6100000000000001,0.68,0.54,0.6355140186915887
Approach 2 (No Aug),CocoGlide,facebook,50,50,0.7647999999999999,0.61,0.36065573770491804,0.61,0.22,1.0,0.36065573770491804,0.6599999999999999,0.38,0.94,0.5277777777777778,0.65,0.42,0.88,0.6599999999999999,0.38,0.94,0.64,0.64,0.64,0.64
Approach 2 (No Aug),CocoGlide,telegram,50,50,0.7819999999999999,0.59,0.32786885245901637,0.59,0.2,0.98,0.32786885245901637,0.61,0.28,0.94,0.417910447761194,0.62,0.36,0.88,0.61,0.28,0.94,0.69,0.62,0.76,0.6666666666666666
Approach 2 (No Aug),Columbia,original,50,50,0.992,0.9099999999999999,0.9010989010989011,0.9099999999999999,0.82,1.0,0.9010989010989011,0.97,0.94,1.0,0.9690721649484536,0.97,0.96,0.98,0.97,0.96,0.98,0.9299999999999999,0.98,0.88,0.9333333333333333
Approach 2 (No Aug),Columbia,whatsapp,50,50,0.9927999999999999,0.9199999999999999,0.9130434782608695,0.9199999999999999,0.84,1.0,0.9130434782608695,0.96,0.92,1.0,0.9583333333333334,0.95,0.92,0.98,0.96,0.92,1.0,0.9099999999999999,0.96,0.86,0.9142857142857143
Approach 2 (No Aug),Columbia,instagram,50,50,0.992,0.89,0.8764044943820225,0.89,0.78,1.0,0.8764044943820225,0.95,0.9,1.0,0.9473684210526315,0.96,0.92,1.0,0.95,0.9,1.0,0.85,0.98,0.72,0.8672566371681416
Approach 2 (No Aug),Columbia,facebook,50,50,0.9972000000000001,0.9299999999999999,0.9247311827956989,0.9299999999999999,0.86,1.0,0.9247311827956989,0.95,0.9,1.0,0.9473684210526315,0.95,0.9,1.0,0.95,0.9,1.0,0.84,0.96,0.72,0.8571428571428571
Approach 2 (No Aug),Columbia,telegram,50,50,0.992,0.9099999999999999,0.9010989010989011,0.9099999999999999,0.82,1.0,0.9010989010989011,0.94,0.88,1.0,0.9361702127659575,0.96,0.92,1.0,0.94,0.88,1.0,0.9199999999999999,0.96,0.88,0.9230769230769231
Approach 2 (No Aug),CASIA1.0,original,50,50,0.7176,0.56,0.21428571428571427,0.56,0.12,1.0,0.21428571428571427,0.5700000000000001,0.14,1.0,0.24561403508771928,0.61,0.22,1.0,0.61,0.22,1.0,0.49,0.5,0.48,0.49504950495049505
Approach 2 (No Aug),CASIA1.0,whatsapp,50,50,0.7023999999999999,0.55,0.18181818181818182,0.55,0.1,1.0,0.18181818181818182,0.55,0.1,1.0,0.18181818181818182,0.61,0.22,1.0,0.55,0.1,1.0,0.45999999999999996,0.44,0.48,0.4489795918367347
Approach 2 (No Aug),CASIA1.0,instagram,50,50,0.5552,0.5700000000000001,0.24561403508771928,0.5700000000000001,0.14,1.0,0.24561403508771928,0.63,0.32,0.94,0.463768115942029,0.61,0.34,0.88,0.63,0.32,0.94,0.45,0.5,0.4,0.47619047619047616
Approach 2 (No Aug),CASIA1.0,facebook,50,50,0.632,0.56,0.21428571428571427,0.56,0.12,1.0,0.21428571428571427,0.56,0.14,0.98,0.2413793103448276,0.6,0.22,0.98,0.56,0.14,0.98,0.48,0.48,0.48,0.48
Approach 2 (No Aug),CASIA1.0,telegram,50,50,0.6940000000000001,0.54,0.14814814814814814,0.54,0.08,1.0,0.14814814814814814,0.59,0.18,1.0,0.3050847457627119,0.61,0.22,1.0,0.59,0.18,1.0,0.49,0.42,0.56,0.45161290322580644
Approach 2 (Mild Aug),CocoGlide,original,50,50,0.7712,0.6699999999999999,0.547945205479452,0.6699999999999999,0.4,0.94,0.547945205479452,0.71,0.54,0.88,0.6506024096385542,0.71,0.62,0.8,0.71,0.62,0.8,0.66,0.76,0.56,0.6909090909090909
Approach 2 (Mild Aug),CocoGlide,whatsapp,50,50,0.7696000000000001,0.6799999999999999,0.5675675675675675,0.6799999999999999,0.42,0.94,0.5675675675675675,0.6599999999999999,0.5,0.82,0.5952380952380952,0.6699999999999999,0.64,0.7,0.6599999999999999,0.5,0.82,0.62,0.72,0.52,0.6545454545454545
Approach 2 (Mild Aug),CocoGlide,instagram,50,50,0.7200000000000001,0.68,0.5897435897435898,0.68,0.46,0.9,0.5897435897435898,0.6399999999999999,0.58,0.7,0.6170212765957447,0.64,0.74,0.54,0.6399999999999999,0.58,0.7,0.54,0.66,0.42,0.5892857142857143
Approach 2 (Mild Aug),CocoGlide,facebook,50,50,0.736,0.63,0.5066666666666667,0.63,0.38,0.88,0.5066666666666667,0.6799999999999999,0.6,0.76,0.6521739130434783,0.7,0.76,0.64,0.6799999999999999,0.6,0.76,0.58,0.7,0.46,0.625
Approach 2 (Mild Aug),CocoGlide,telegram,50,50,0.754,0.67,0.56,0.67,0.42,0.92,0.56,0.68,0.56,0.8,0.6363636363636364,0.66,0.66,0.66,0.68,0.56,0.8,0.6200000000000001,0.68,0.56,0.6415094339622641
Approach 2 (Mild Aug),Columbia,original,50,50,0.9924,0.9,0.8888888888888888,0.9,0.8,1.0,0.8888888888888888,0.96,0.92,1.0,0.9583333333333334,0.97,0.94,1.0,0.97,0.94,1.0,0.89,0.98,0.8,0.8990825688073395
Approach 2 (Mild Aug),Columbia,whatsapp,50,50,0.9872,0.9099999999999999,0.9010989010989011,0.9099999999999999,0.82,1.0,0.9010989010989011,0.95,0.9,1.0,0.9473684210526315,0.95,0.92,0.98,0.95,0.9,1.0,0.8999999999999999,0.96,0.84,0.9056603773584906
Approach 2 (Mild Aug),Columbia,instagram,50,50,0.9807999999999999,0.9199999999999999,0.9130434782608695,0.9199999999999999,0.84,1.0,0.9130434782608695,0.96,0.92,1.0,0.9583333333333334,0.96,0.92,1.0,0.96,0.92,1.0,0.86,0.98,0.74,0.875
Approach 2 (Mild Aug),Columbia,facebook,50,50,0.99,0.94,0.9361702127659575,0.94,0.88,1.0,0.9361702127659575,0.95,0.9,1.0,0.9473684210526315,0.94,0.94,0.94,0.95,0.9,1.0,0.86,0.96,0.76,0.8727272727272727
Approach 2 (Mild Aug),Columbia,telegram,50,50,0.9868,0.89,0.8764044943820225,0.89,0.78,1.0,0.8764044943820225,0.94,0.88,1.0,0.9361702127659575,0.95,0.92,0.98,0.94,0.88,1.0,0.9199999999999999,0.98,0.86,0.9245283018867925
Approach 2 (Mild Aug),CASIA1.0,original,50,50,0.5987999999999999,0.61,0.4,0.61,0.26,0.96,0.4,0.6,0.34,0.86,0.4594594594594595,0.5900000000000001,0.52,0.66,0.5900000000000001,0.52,0.66,0.4,0.64,0.16,0.5161290322580645
Approach 2 (Mild Aug),CASIA1.0,whatsapp,50,50,0.592,0.62,0.3870967741935484,0.62,0.24,1.0,0.3870967741935484,0.6,0.3,0.9,0.42857142857142855,0.54,0.48,0.6,0.6,0.3,0.9,0.45,0.62,0.28,0.5299145299145299
Approach 2 (Mild Aug),CASIA1.0,instagram,50,50,0.474,0.5599999999999999,0.40540540540540543,0.5599999999999999,0.3,0.82,0.40540540540540543,0.49,0.44,0.54,0.4631578947368421,0.41000000000000003,0.56,0.26,0.49,0.44,0.54,0.42000000000000004,0.68,0.16,0.5396825396825397
Approach 2 (Mild Aug),CASIA1.0,facebook,50,50,0.4956,0.5700000000000001,0.3384615384615385,0.5700000000000001,0.22,0.92,0.3384615384615385,0.54,0.34,0.74,0.425,0.51,0.46,0.56,0.54,0.34,0.74,0.42,0.62,0.22,0.5166666666666667
Approach 2 (Mild Aug),CASIA1.0,telegram,50,50,0.5836,0.61,0.4,0.61,0.26,0.96,0.4,0.5900000000000001,0.28,0.9,0.4057971014492754,0.55,0.46,0.64,0.5900000000000001,0.28,0.9,0.43,0.62,0.24,0.5210084033613446
